url	hash	quality	type	seeds	peers	size	size_bytes	date_uploaded	date_uploaded_unix	movieId
https://yts.mx/torrent/download/A94119588A7483B5AAE793536B5784606B3EF18F	A94119588A7483B5AAE793536B5784606B3EF18F	720p	web	0	0	807.32 MB	846536376	2022-12-01 01:45:42	1669855542	47113
https://yts.mx/torrent/download/1636FA60D55A3283D6FBC382F4FE9D2E4F519F00	1636FA60D55A3283D6FBC382F4FE9D2E4F519F00	720p	web	0	0	809.06 MB	848360899	2022-12-01 00:12:49	1669849969	47108
https://yts.mx/torrent/download/228278FDBE22D982E88AA063A26CE4049E8A425E	228278FDBE22D982E88AA063A26CE4049E8A425E	720p	web	0	0	979.28 MB	1026849505	2022-12-01 00:19:03	1669850343	47106
https://yts.mx/torrent/download/BBCF316C502917C97755248D423A36FB947D8565	BBCF316C502917C97755248D423A36FB947D8565	720p	web	0	0	1.11 GB	1191853425	2022-12-01 01:58:42	1669856322	47100
https://yts.mx/torrent/download/C0F918BEAD94B06DFF2334FFF770D2A8C5EBEEEB	C0F918BEAD94B06DFF2334FFF770D2A8C5EBEEEB	720p	web	0	0	828.34 MB	868577444	2022-12-01 00:16:35	1669850195	47097
https://yts.mx/torrent/download/D78CC00EB216DB3B5D99E6E838D6F600CF87C8F8	D78CC00EB216DB3B5D99E6E838D6F600CF87C8F8	720p	web	0	0	836.88 MB	877532283	2022-12-01 02:09:08	1669856948	47096
https://yts.mx/torrent/download/8DE47542E054993E02770B6117F80977C4BC37C2	8DE47542E054993E02770B6117F80977C4BC37C2	720p	web	0	0	898.35 MB	941988250	2022-12-01 02:57:44	1669859864	47093
https://yts.mx/torrent/download/6BC7ACDED130F9E4453EC958902A975AB10A85E2	6BC7ACDED130F9E4453EC958902A975AB10A85E2	720p	web	0	0	774.46 MB	812080169	2022-11-30 23:51:59	1669848719	47092
https://yts.mx/torrent/download/6D8CF92E5B6D79DD3020E44830B7AFC38D5CE426	6D8CF92E5B6D79DD3020E44830B7AFC38D5CE426	720p	web	0	0	179.87 MB	188607365	2022-11-30 23:26:35	1669847195	47090
https://yts.mx/torrent/download/E018B913114B39026F88CD1BD810F6DA3993D5C0	E018B913114B39026F88CD1BD810F6DA3993D5C0	720p	web	0	0	769.5 MB	806879232	2022-12-01 01:23:28	1669854208	47091
https://yts.mx/torrent/download/D905000B76E792FC81D1F0F21C1D0E82FD9ABC08	D905000B76E792FC81D1F0F21C1D0E82FD9ABC08	720p	bluray	0	0	795.63 MB	834278523	2022-11-30 19:28:41	1669832921	47089
https://yts.mx/torrent/download/F49255D55DB552DE26F667E82D4F4C66FC5B7376	F49255D55DB552DE26F667E82D4F4C66FC5B7376	720p	web	0	0	969.7 MB	1016804147	2022-11-30 11:52:28	1669805548	47088
https://yts.mx/torrent/download/58AFB7882AC452289473774075DCEEBA5C63252C	58AFB7882AC452289473774075DCEEBA5C63252C	720p	web	460	547	847.43 MB	888594760	2022-11-30 10:17:18	1669799838	47087
https://yts.mx/torrent/download/BF5980CC85DB746958F7FFC86E5F362D1241DE06	BF5980CC85DB746958F7FFC86E5F362D1241DE06	720p	web	0	0	1.01 GB	1084479242	2022-11-30 10:53:47	1669802027	47086
https://yts.mx/torrent/download/C1ED9E70B426CF37709169488411DCA617C304F2	C1ED9E70B426CF37709169488411DCA617C304F2	720p	web	0	0	774.23 MB	811838996	2022-11-30 09:54:50	1669798490	47085
https://yts.mx/torrent/download/7001D42F9DB0775D7D7FC25D80273D8B09EC1F5A	7001D42F9DB0775D7D7FC25D80273D8B09EC1F5A	720p	web	139	63	731.84 MB	767389860	2022-11-30 09:36:46	1669797406	47084
https://yts.mx/torrent/download/83708B36B5B40C9820F42ABC9382DF8ED2A72A31	83708B36B5B40C9820F42ABC9382DF8ED2A72A31	720p	web	40	12	929.27 MB	974410220	2022-11-30 06:56:43	1669787803	47083
